<?xml version="1.0" encoding="UTF-8"?>
<!--
 
      Licensed to the Apache Software Foundation (ASF) under one or more
      contributor license agreements.  See the NOTICE file distributed with
      this work for additional information regarding copyright ownership.
      The ASF licenses this file to You under the Apache License, Version 2.0
      (the "License"); you may not use this file except in compliance with
      the License.  You may obtain a copy of the License at
 
         http://www.apache.org/licenses/LICENSE-2.0
 
      Unless required by applicable law or agreed to in writing, software
      distributed under the License is distributed on an "AS IS" BASIS,
      WITHOUT WARRANTIES OR CONDITIONS OF ANY KIND, either express or implied.
      See the License for the specific language governing permissions and
      limitations under the License.
-->
<features xmlns="http://karaf.apache.org/xmlns/features/v1.0.0" name="cxf-${project.version}">
    <feature name="saaj-impl" version="${cxf.saaj.impl.version}"  resolver='(obr)'>
        <bundle start-level='10'>mvn:org.apache.servicemix.specs/org.apache.servicemix.specs.saaj-api-1.3/${cxf.servicemix.specs.version}</bundle>
        <bundle start-level='25'>mvn:org.apache.servicemix.bundles/org.apache.servicemix.bundles.saaj-impl/${cxf.saaj-impl.bundle.version}</bundle>
    </feature>

    <feature name="cxf-specs" version="${project.version}" resolver='(obr)'>
        <bundle start-level='10'>mvn:org.apache.servicemix.specs/org.apache.servicemix.specs.activation-api-1.1/${cxf.servicemix.specs.version}</bundle>
        <bundle start-level='10'>mvn:org.apache.geronimo.specs/geronimo-annotation_1.0_spec/${cxf.geronimo.annotation.version}</bundle>
        <bundle start-level='10'>mvn:org.apache.geronimo.specs/geronimo-ws-metadata_2.0_spec/${cxf.geronimo.ws.metadata.version}</bundle>
        <bundle start-level='10'>mvn:org.apache.servicemix.specs/org.apache.servicemix.specs.stax-api-1.0/${cxf.servicemix.specs.version}</bundle>
        <bundle start-level='10'>mvn:org.apache.servicemix.specs/org.apache.servicemix.specs.jaxb-api-2.2/${cxf.servicemix.specs.version}</bundle>
        <bundle start-level='10'>mvn:org.apache.geronimo.specs/geronimo-jaxws_2.2_spec/${cxf.specs.jaxws.api.version}</bundle>
        <bundle>mvn:http://download.java.net/maven/2!javax.mail/mail/${cxf.javax.mail.version}</bundle>
        <bundle start-level='10'>mvn:org.apache.servicemix.specs/org.apache.servicemix.specs.jsr311-api-1.1/${cxf.servicemix.specs.version}</bundle>
    </feature>

    <feature name='cxf-jaxb' version='${cxf.jaxb.bundle.version}' resolver='(obr)'>
        <feature version="${project.version}">cxf-specs</feature>
        <bundle start-level='20'>mvn:org.apache.servicemix.bundles/org.apache.servicemix.bundles.jaxb-impl/${cxf.jaxb.bundle.version}</bundle>
        <bundle start-level='20'>mvn:org.apache.servicemix.bundles/org.apache.servicemix.bundles.jaxb-xjc/${cxf.jaxb.bundle.version}</bundle>
    </feature>
    <!-- Current the abdera bundle is not working as we expect -->
    <feature name='abdera' version='${cxf.abdera.version}' resolver='(obr)'>
        <bundle>mvn:commons-codec/commons-codec/${cxf.commons-codec.version}</bundle>
        <bundle>mvn:org.apache.ws.commons.axiom/axiom-impl/${cxf.axiom.version}</bundle>
        <bundle>mvn:org.apache.ws.commons.axiom/axiom-api/${cxf.axiom.version}</bundle>

        <bundle>mvn:org.apache.abdera/abdera-core/${cxf.abdera.version}</bundle>
        <!--bundle>mvn:org.apache.abdera/abdera-extensions-json/${cxf.abdera.version}</bundle-->
        <bundle>mvn:org.apache.abdera/abdera-extensions-main/${cxf.abdera.version}</bundle>
        <bundle>mvn:org.apache.abdera/abdera-i18n/${cxf.abdera.version}</bundle>
        <bundle>mvn:org.apache.abdera/abdera-parser/${cxf.abdera.version}</bundle>

        <!--bundle>mvn:org.apache.abdera/abdera-extensions-html/${cxf.abdera.version}</bundle>
        <bundle>mvn:org.apache.abdera/abdera-extensions-json/${cxf.abdera.version}</bundle>
        <bundle>mvn:org.apache.abdera/abdera-client/${cxf.abdera.version}</bundle>
        <bundle>mvn:org.apache.abdera/abdera-server/${cxf.abdera.version}</bundle-->
        <feature version='${cxf.jaxb.bundle.version}'>cxf-jaxb</feature>
    </feature>
    <feature name="opensaml" version="${cxf.opensaml.osgi.version}" resolver='(obr)'>
        <bundle>mvn:joda-time/joda-time/${cxf.joda.time.version}</bundle>
        <bundle>mvn:org.apache.servicemix.bundles/org.apache.servicemix.bundles.opensaml/${cxf.opensaml.osgi.version}</bundle>
    </feature>
    <feature name="wss4j" version="${cxf.wss4j.version}" resolver='(obr)'>
        <feature version='[2.4,3)'>opensaml</feature>
        <bundle>mvn:org.apache.servicemix.bundles/org.apache.servicemix.bundles.xmlsec/${cxf.xmlsec.bundle.version}</bundle>
        <bundle>mvn:org.apache.ws.security/wss4j/${cxf.wss4j.version}</bundle>
    </feature>

    <feature name="cxf" version="${project.version}" resolver='(obr)'>
        <feature version="${project.version}">cxf-specs</feature>
        <bundle>mvn:commons-lang/commons-lang/${cxf.commons-lang.version}</bundle>
        <bundle>mvn:commons-collections/commons-collections/${cxf.commons-collections.version}</bundle>

        <bundle start-level='20'>mvn:org.apache.servicemix.bundles/org.apache.servicemix.bundles.fastinfoset/${cxf.fastinfoset.bundle.version}</bundle>
        <bundle start-level='20'>mvn:org.codehaus.woodstox/stax2-api/${cxf.woodstox.stax2-api.version}</bundle>
        <bundle start-level='20'>mvn:org.codehaus.woodstox/woodstox-core-asl/${cxf.woodstox.core.version}</bundle>

        <feature version='${cxf.jaxb.bundle.version}'>cxf-jaxb</feature>
        <feature version="[2,3)">http</feature>
        <feature version="[2,3)">war</feature>
        <feature version="[3,4)">spring</feature>
        <feature version="[1.2,2)">spring-dm</feature>
        <feature version="[3,4)">spring-jms</feature>
        <feature version="${cxf.wss4j.version}">wss4j</feature>
        <feature version="[7.2,8)">jetty</feature>
        <feature version='${cxf.abdera.version}'>abdera</feature>
        <feature version="${cxf.saaj.impl.version}">saaj-impl</feature>

        <bundle>mvn:org.apache.neethi/neethi/${cxf.neethi.version}</bundle>
        <bundle>mvn:org.apache.ws.xmlschema/xmlschema-core/${cxf.xmlschema.version}</bundle>

        <bundle>mvn:org.apache.servicemix.bundles/org.apache.servicemix.bundles.asm/${cxf.asm.bundle.version}</bundle>
        <bundle>mvn:org.apache.servicemix.bundles/org.apache.servicemix.bundles.wsdl4j/${cxf.wsdl4j.bundle.version}</bundle>
        <bundle>mvn:org.codehaus.jettison/jettison/${cxf.jettison.version}</bundle>
        <bundle>mvn:org.apache.servicemix.bundles/org.apache.servicemix.bundles.xmlbeans/${cxf.xmlbeans.bundle.version}</bundle>
        <bundle>mvn:org.apache.servicemix.bundles/org.apache.servicemix.bundles.rhino/${cxf.rhino.bundle.version}</bundle>
        <bundle>mvn:org.apache.servicemix.bundles/org.apache.servicemix.bundles.xmlresolver/${cxf.xmlresolver.bundle.version}</bundle>
        <bundle>mvn:org.apache.servicemix.bundles/org.apache.servicemix.bundles.xerces/${cxf.xerces.bundle.version}</bundle>
        <bundle>mvn:org.apache.servicemix.bundles/org.apache.servicemix.bundles.bcel/${cxf.bcel.bundle.version}</bundle>
        <bundle>mvn:org.apache.servicemix.bundles/org.apache.servicemix.bundles.xalan/${cxf.xalan.bundle.version}</bundle>
        <bundle>mvn:org.apache.servicemix.bundles/org.apache.servicemix.bundles.oro/${cxf.oro.bundle.version}</bundle>
        <bundle>mvn:org.apache.velocity/velocity/${cxf.velocity.version}</bundle>
        <bundle>mvn:org.apache.servicemix.bundles/org.apache.servicemix.bundles.jdom/${cxf.jdom.bundle.version}</bundle>

        <bundle>mvn:org.apache.cxf/cxf-bundle/${project.version}</bundle>
    </feature>

</features>
