<?xml version="1.0" encoding="UTF-8"?>
<project xmlns="http://maven.apache.org/POM/4.0.0" xmlns:xsi="http://www.w3.org/2001/XMLSchema-instance" xsi:schemaLocation="http://maven.apache.org/POM/4.0.0 http://maven.apache.org/maven-v4_0_0.xsd">
  <parent>
    <artifactId>cxf-bundle-parent</artifactId>
    <groupId>org.apache.cxf</groupId>
    <version>2.4.3</version>
  </parent>
  <modelVersion>4.0.0</modelVersion>
  <groupId>org.apache.cxf</groupId>
  <artifactId>cxf-bundle</artifactId>
  <packaging>bundle</packaging>
  <name>Apache CXF Bundle Jar</name>
  <version>2.4.3</version>
  <description>Apache CXF Bundle Jar</description>
  <url>http://cxf.apache.org</url>
  <build>
    <plugins>
      <plugin>
        <groupId>org.apache.felix</groupId>
        <artifactId>maven-bundle-plugin</artifactId>
        <extensions>true</extensions>
        <configuration>
          <instructions>
            <Implementation-Title>Apache CXF</Implementation-Title>
            <Implementation-Vendor>The Apache Software Foundation</Implementation-Vendor>
            <Implementation-Vendor-Id>org.apache</Implementation-Vendor-Id>
            <Implementation-Version>${cxf.osgi.version.clean}</Implementation-Version>
            <Specification-Title>Apache CXF</Specification-Title>
            <Specification-Vendor>The Apache Software Foundation</Specification-Vendor>
            <Specification-Version>${cxf.osgi.version.clean}</Specification-Version>
            <DynamicImport-Package>com.sun.xml.bind,
                            com.sun.xml.bind.*,
                            com.sun.xml.internal.bind,
                            com.sun.xml.internal.bind.*,
                            com.ctc.wstx.*,
                            org.apache.commons.logging.*,
                            org.slf4j.*,
                            org.slf4j.impl.*,
                            org.eclipse.jetty.jmx,
                            org.eclipse.jetty.jmx.*</DynamicImport-Package>
            <Import-Package>!org.apache.cxf.*,
                            repackage;resolution:=optional,
                            !META-INF.cxf,
                            !META-INF.cxf.osgi,
                            antlr*;resolution:=optional,
                            com.ibm*;resolution:=optional,
                            com.sun*;resolution:=optional,
                            com.ctc.wstx.msv*;resolution:=optional,
                            org.codehaus.stax2*;resolution:=optional,
                            commonj.sdo*;resolution:=optional,
                            javax.ws.rs*;resolution:=optional,
                            javax.resource*;resolution:=optional,
                            javax.xml.soap,
                            junit.framework*;resolution:=optional,
                            net.sf.cglib*;resolution:=optional;version="[2.1.3, 3.0.0)",
                            org.apache.abdera*;resolution:=optional;version="[1.0,2)",
                            org.apache.aries*;resolution:=optional;version="[0.2,2)",
                            org.apache.commons.lang*;resolution:=optional;version="[2.4,3)",
                            org.apache.commons.codec*;resolution:=optional,
                            org.apache.commons.pool*;resolution:=optional,
                            org.apache.log4j*;resolution:=optional,
                            org.apache.mina*;resolution:=optional,
                            org.apache.tuscany.sdo*;resolution:=optional,
                            org.apache.velocity*;resolution:=optional,
                            org.apache.xmlbeans*;resolution:=optional,
                            org.apache.xml.security*;resolution:=optional,
                            org.apache.ws.security*;resolution:=optional,
                            org.codehaus.jra*;resolution:=optional,
                            org.codehaus.jettison*;resolution:=optional,
                            org.eclipse.emf*;resolution:=optional,
                            org.eclipse.jetty*;resolution:=optional;version="[7.2,8)",
                            org.jaxen*;resolution:=optional,
                            org.jdom*;resolution:=optional,
                            org.jibx*;resolution:=optional;version="[1.2.3,2)",
                            org.junit*;resolution:=optional,
                            org.mozilla.javascript*;resolution:=optional,
                            org.objectweb.asm*;version="[2.0,4)";resolution:=optional,
                            org.omg*;resolution:=optional,
                            org.opensaml*;resolution:=optional,
                            org.osgi.service.blueprint*;resolution:=optional,
                            org.slf4j*;resolution:=optional;version="[1.5,2)",
                            org.springframework*;resolution:=optional;version="[2.5,4)",
                            javax.activation;version="[0.0,2)",
                            javax.annotation;version="[0.0,2)",
                            javax.jms;resolution:=optional;version="[0.0,2)",
                            javax.jws*;version="[0.0,3)",
                            javax.mail*;version="[0.0,2)",
                            javax.servlet.*;version="[0.0,4)";resolution:=optional,
                            javax.xml.stream*;version="[0.0,2)",
                            javax.xml.ws.spi.http*;version="[0.0,3)";resolution:=optional,
                            javax.xml.ws*;version="[0.0,3)",
                            *</Import-Package>
            <Bundle-Activator>org.apache.cxf.bus.osgi.OSGiExtensionLocator</Bundle-Activator>
            <Export-Package>org.apache.cxf.*;version=${cxf.osgi.version.clean};-split-package:=merge-first,
                            '=META-INF.cxf.osgi',
                            '=META-INF.cxf'</Export-Package>
            <_failok>true</_failok>
            <_nouses>true</_nouses>
            <_versionpolicy>[$(version;==;$(@)),$(version;+;$(@)))</_versionpolicy>
          </instructions>
        </configuration>
      </plugin>
      <plugin>
        <artifactId>maven-shade-plugin</artifactId>
        <executions>
          <execution>
            <phase>package</phase>
            <goals>
              <goal>shade</goal>
            </goals>
            <configuration>
              <shadedGroupFilter>org.apache.cxf</shadedGroupFilter>
              <shadedArtifactAttached>false</shadedArtifactAttached>
              <createSourcesJar>${createSourcesJar}</createSourcesJar>
              <promoteTransitiveDependencies>true</promoteTransitiveDependencies>
              <createDependencyReducedPom>true</createDependencyReducedPom>
              <filters>
                <filter>
                  <artifact>${project.groupId}:${project.artifactId}</artifact>
                  <excludes>
                    <exclude>org/**</exclude>
                  </excludes>
                </filter>
              </filters>
              <transformers>
                <transformer>
                  <projectName>Apache CXF</projectName>
                </transformer>
                <transformer>
                  <resource>META-INF/spring.handlers</resource>
                </transformer>
                <transformer>
                  <resource>META-INF/services/com.sun.tools.xjc.Plugin</resource>
                </transformer>
                <transformer>
                  <resource>META-INF/spring.schemas</resource>
                </transformer>
                <transformer>
                  <resource>META-INF/cxf/cxf.extension</resource>
                </transformer>
                <transformer>
                  <resource>META-INF/extensions.xml</resource>
                </transformer>
                <transformer>
                  <resource>META-INF/cxf/extensions.xml</resource>
                </transformer>
                <transformer>
                  <resource>META-INF/cxf/bus-extensions.txt</resource>
                </transformer>
                <transformer>
                  <resource>META-INF/cxf/bus-extensions.xml</resource>
                </transformer>
                <transformer>
                  <resource>META-INF/wsdl.plugin.xml</resource>
                </transformer>
                <transformer>
                  <resource>META-INF/tools.service.validator.xml</resource>
                </transformer>
                <transformer>
                  <resource>META-INF/tools-plugin.xml</resource>
                </transformer>
                <transformer>
                  <resource>META-INF/cxf/java2wsbeans.xml</resource>
                </transformer>
                <transformer />
              </transformers>
            </configuration>
          </execution>
        </executions>
      </plugin>
    </plugins>
  </build>
  <profiles>
    <profile>
      <id>deploy</id>
      <build>
        <plugins>
          <plugin>
            <artifactId>maven-dependency-plugin</artifactId>
            <executions>
              <execution>
                <id>unpack-plugin-sources</id>
                <phase>generate-sources</phase>
                <goals>
                  <goal>unpack</goal>
                </goals>
                <configuration>
                  <artifactItems>
                    <artifactItem>
                      <groupId>org.apache.cxf</groupId>
                      <artifactId>cxf-codegen-plugin</artifactId>
                      <version>${project.version}</version>
                      <classifier>sources</classifier>
                    </artifactItem>
                  </artifactItems>
                  <outputDirectory>${project.build.directory}/sources</outputDirectory>
                </configuration>
              </execution>
            </executions>
          </plugin>
        </plugins>
      </build>
    </profile>
  </profiles>
  <dependencies>
    <dependency>
      <groupId>org.apache.ws.xmlschema</groupId>
      <artifactId>xmlschema-core</artifactId>
      <version>2.0.1</version>
      <scope>compile</scope>
    </dependency>
    <dependency>
      <groupId>org.codehaus.woodstox</groupId>
      <artifactId>woodstox-core-asl</artifactId>
      <version>4.1.1</version>
      <scope>compile</scope>
    </dependency>
    <dependency>
      <groupId>org.codehaus.woodstox</groupId>
      <artifactId>stax2-api</artifactId>
      <version>3.1.1</version>
      <scope>compile</scope>
      <exclusions>
        <exclusion>
          <artifactId>stax-api</artifactId>
          <groupId>javax.xml.stream</groupId>
        </exclusion>
      </exclusions>
    </dependency>
    <dependency>
      <groupId>org.apache.geronimo.specs</groupId>
      <artifactId>geronimo-stax-api_1.0_spec</artifactId>
      <version>1.0.1</version>
      <scope>compile</scope>
    </dependency>
    <dependency>
      <groupId>org.apache.geronimo.specs</groupId>
      <artifactId>geronimo-annotation_1.0_spec</artifactId>
      <version>1.1.1</version>
      <scope>compile</scope>
    </dependency>
    <dependency>
      <groupId>javax.xml.bind</groupId>
      <artifactId>jaxb-api</artifactId>
      <version>2.2.3</version>
      <scope>compile</scope>
    </dependency>
    <dependency>
      <groupId>org.apache.velocity</groupId>
      <artifactId>velocity</artifactId>
      <version>1.7</version>
      <scope>compile</scope>
    </dependency>
    <dependency>
      <groupId>commons-collections</groupId>
      <artifactId>commons-collections</artifactId>
      <version>3.2.1</version>
      <scope>compile</scope>
    </dependency>
    <dependency>
      <groupId>commons-lang</groupId>
      <artifactId>commons-lang</artifactId>
      <version>2.6</version>
      <scope>compile</scope>
    </dependency>
    <dependency>
      <groupId>wsdl4j</groupId>
      <artifactId>wsdl4j</artifactId>
      <version>1.6.2</version>
      <scope>compile</scope>
    </dependency>
    <dependency>
      <groupId>com.sun.xml.bind</groupId>
      <artifactId>jaxb-xjc</artifactId>
      <version>2.2.4-1</version>
      <scope>compile</scope>
    </dependency>
    <dependency>
      <groupId>com.sun.xml.bind</groupId>
      <artifactId>jaxb-impl</artifactId>
      <version>2.2.4-1</version>
      <scope>compile</scope>
    </dependency>
    <dependency>
      <groupId>org.apache.neethi</groupId>
      <artifactId>neethi</artifactId>
      <version>3.0.1</version>
      <scope>compile</scope>
    </dependency>
    <dependency>
      <groupId>org.apache.geronimo.specs</groupId>
      <artifactId>geronimo-activation_1.1_spec</artifactId>
      <version>1.1</version>
      <scope>compile</scope>
    </dependency>
    <dependency>
      <groupId>org.apache.geronimo.specs</groupId>
      <artifactId>geronimo-javamail_1.4_spec</artifactId>
      <version>1.7.1</version>
      <scope>compile</scope>
    </dependency>
    <dependency>
      <groupId>javax.xml.soap</groupId>
      <artifactId>saaj-api</artifactId>
      <version>1.3.4</version>
      <scope>compile</scope>
    </dependency>
    <dependency>
      <groupId>org.apache.geronimo.specs</groupId>
      <artifactId>geronimo-ws-metadata_2.0_spec</artifactId>
      <version>1.1.3</version>
      <scope>compile</scope>
    </dependency>
    <dependency>
      <groupId>org.apache.geronimo.specs</groupId>
      <artifactId>geronimo-jaxws_2.2_spec</artifactId>
      <version>1.1</version>
      <scope>compile</scope>
    </dependency>
    <dependency>
      <groupId>xml-resolver</groupId>
      <artifactId>xml-resolver</artifactId>
      <version>1.2</version>
      <scope>compile</scope>
    </dependency>
    <dependency>
      <groupId>asm</groupId>
      <artifactId>asm</artifactId>
      <version>3.3</version>
      <scope>compile</scope>
    </dependency>
    <dependency>
      <groupId>org.springframework</groupId>
      <artifactId>spring-web</artifactId>
      <version>3.0.6.RELEASE</version>
      <scope>compile</scope>
    </dependency>
    <dependency>
      <groupId>aopalliance</groupId>
      <artifactId>aopalliance</artifactId>
      <version>1.0</version>
      <scope>compile</scope>
    </dependency>
    <dependency>
      <groupId>org.springframework</groupId>
      <artifactId>spring-beans</artifactId>
      <version>3.0.6.RELEASE</version>
      <scope>compile</scope>
    </dependency>
    <dependency>
      <groupId>org.springframework</groupId>
      <artifactId>spring-core</artifactId>
      <version>3.0.6.RELEASE</version>
      <scope>compile</scope>
    </dependency>
    <dependency>
      <groupId>org.springframework</groupId>
      <artifactId>spring-asm</artifactId>
      <version>3.0.6.RELEASE</version>
      <scope>compile</scope>
    </dependency>
    <dependency>
      <groupId>commons-logging</groupId>
      <artifactId>commons-logging</artifactId>
      <version>1.1.1</version>
      <scope>compile</scope>
    </dependency>
    <dependency>
      <groupId>org.springframework</groupId>
      <artifactId>spring-context</artifactId>
      <version>3.0.6.RELEASE</version>
      <scope>compile</scope>
    </dependency>
    <dependency>
      <groupId>org.springframework</groupId>
      <artifactId>spring-aop</artifactId>
      <version>3.0.6.RELEASE</version>
      <scope>compile</scope>
    </dependency>
    <dependency>
      <groupId>org.springframework</groupId>
      <artifactId>spring-expression</artifactId>
      <version>3.0.6.RELEASE</version>
      <scope>compile</scope>
    </dependency>
    <dependency>
      <groupId>com.sun.xml.messaging.saaj</groupId>
      <artifactId>saaj-impl</artifactId>
      <version>1.3.12</version>
      <scope>compile</scope>
    </dependency>
    <dependency>
      <groupId>org.jvnet</groupId>
      <artifactId>mimepull</artifactId>
      <version>1.4</version>
      <scope>compile</scope>
    </dependency>
    <dependency>
      <groupId>antlr</groupId>
      <artifactId>antlr</artifactId>
      <version>2.7.7</version>
      <scope>compile</scope>
    </dependency>
    <dependency>
      <groupId>org.apache.xmlbeans</groupId>
      <artifactId>xmlbeans</artifactId>
      <version>2.4.0</version>
      <scope>compile</scope>
    </dependency>
    <dependency>
      <groupId>javax.ws.rs</groupId>
      <artifactId>jsr311-api</artifactId>
      <version>1.1.1</version>
      <scope>compile</scope>
    </dependency>
    <dependency>
      <groupId>org.codehaus.jettison</groupId>
      <artifactId>jettison</artifactId>
      <version>1.3</version>
      <scope>compile</scope>
    </dependency>
    <dependency>
      <groupId>org.eclipse.jetty</groupId>
      <artifactId>jetty-server</artifactId>
      <version>7.4.5.v20110725</version>
      <scope>compile</scope>
    </dependency>
    <dependency>
      <groupId>org.eclipse.jetty</groupId>
      <artifactId>jetty-continuation</artifactId>
      <version>7.4.5.v20110725</version>
      <scope>compile</scope>
    </dependency>
    <dependency>
      <groupId>org.eclipse.jetty</groupId>
      <artifactId>jetty-http</artifactId>
      <version>7.4.5.v20110725</version>
      <scope>compile</scope>
    </dependency>
    <dependency>
      <groupId>org.eclipse.jetty</groupId>
      <artifactId>jetty-io</artifactId>
      <version>7.4.5.v20110725</version>
      <scope>compile</scope>
    </dependency>
    <dependency>
      <groupId>org.eclipse.jetty</groupId>
      <artifactId>jetty-util</artifactId>
      <version>7.4.5.v20110725</version>
      <scope>compile</scope>
    </dependency>
    <dependency>
      <groupId>org.eclipse.jetty</groupId>
      <artifactId>jetty-security</artifactId>
      <version>7.4.5.v20110725</version>
      <scope>compile</scope>
    </dependency>
    <dependency>
      <groupId>org.slf4j</groupId>
      <artifactId>slf4j-api</artifactId>
      <version>1.6.2</version>
      <scope>compile</scope>
    </dependency>
    <dependency>
      <groupId>org.apache.geronimo.specs</groupId>
      <artifactId>geronimo-servlet_2.5_spec</artifactId>
      <version>1.1.2</version>
      <scope>compile</scope>
    </dependency>
    <dependency>
      <groupId>org.apache.geronimo.specs</groupId>
      <artifactId>geronimo-jms_1.1_spec</artifactId>
      <version>1.1.1</version>
      <scope>compile</scope>
    </dependency>
    <dependency>
      <groupId>org.springframework</groupId>
      <artifactId>spring-jms</artifactId>
      <version>3.0.6.RELEASE</version>
      <scope>compile</scope>
    </dependency>
    <dependency>
      <groupId>org.springframework</groupId>
      <artifactId>spring-tx</artifactId>
      <version>3.0.6.RELEASE</version>
      <scope>compile</scope>
    </dependency>
    <dependency>
      <groupId>org.codehaus.jra</groupId>
      <artifactId>jra</artifactId>
      <version>1.0-alpha-4</version>
      <scope>compile</scope>
    </dependency>
    <dependency>
      <groupId>rhino</groupId>
      <artifactId>js</artifactId>
      <version>1.7R2</version>
      <scope>compile</scope>
    </dependency>
    <dependency>
      <groupId>org.apache.ws.security</groupId>
      <artifactId>wss4j</artifactId>
      <version>1.6.3</version>
      <scope>compile</scope>
    </dependency>
    <dependency>
      <groupId>org.apache.santuario</groupId>
      <artifactId>xmlsec</artifactId>
      <version>1.4.5</version>
      <scope>compile</scope>
    </dependency>
    <dependency>
      <groupId>org.opensaml</groupId>
      <artifactId>opensaml</artifactId>
      <version>2.5.1-1</version>
      <scope>compile</scope>
      <exclusions>
        <exclusion>
          <artifactId>velocity</artifactId>
          <groupId>velocity</groupId>
        </exclusion>
        <exclusion>
          <artifactId>esapi</artifactId>
          <groupId>org.owasp.esapi</groupId>
        </exclusion>
        <exclusion>
          <artifactId>xercesImpl</artifactId>
          <groupId>xerces</groupId>
        </exclusion>
        <exclusion>
          <artifactId>xml-apis</artifactId>
          <groupId>xml-apis</groupId>
        </exclusion>
      </exclusions>
    </dependency>
    <dependency>
      <groupId>org.opensaml</groupId>
      <artifactId>openws</artifactId>
      <version>1.4.2-1</version>
      <scope>compile</scope>
      <exclusions>
        <exclusion>
          <artifactId>commons-codec</artifactId>
          <groupId>commons-codec</groupId>
        </exclusion>
        <exclusion>
          <artifactId>commons-httpclient</artifactId>
          <groupId>commons-httpclient</groupId>
        </exclusion>
        <exclusion>
          <artifactId>xercesImpl</artifactId>
          <groupId>xerces</groupId>
        </exclusion>
        <exclusion>
          <artifactId>xml-apis</artifactId>
          <groupId>xml-apis</groupId>
        </exclusion>
      </exclusions>
    </dependency>
    <dependency>
      <groupId>org.opensaml</groupId>
      <artifactId>xmltooling</artifactId>
      <version>1.3.2-1</version>
      <scope>compile</scope>
      <exclusions>
        <exclusion>
          <artifactId>jcl-over-slf4j</artifactId>
          <groupId>org.slf4j</groupId>
        </exclusion>
        <exclusion>
          <artifactId>log4j-over-slf4j</artifactId>
          <groupId>org.slf4j</groupId>
        </exclusion>
        <exclusion>
          <artifactId>jul-to-slf4j</artifactId>
          <groupId>org.slf4j</groupId>
        </exclusion>
        <exclusion>
          <artifactId>bcprov-jdk15</artifactId>
          <groupId>org.bouncycastle</groupId>
        </exclusion>
        <exclusion>
          <artifactId>not-yet-commons-ssl</artifactId>
          <groupId>ca.juliusdavies</groupId>
        </exclusion>
        <exclusion>
          <artifactId>jcip-annotations</artifactId>
          <groupId>net.jcip</groupId>
        </exclusion>
        <exclusion>
          <artifactId>xercesImpl</artifactId>
          <groupId>xerces</groupId>
        </exclusion>
        <exclusion>
          <artifactId>xml-apis</artifactId>
          <groupId>xml-apis</groupId>
        </exclusion>
      </exclusions>
    </dependency>
    <dependency>
      <groupId>joda-time</groupId>
      <artifactId>joda-time</artifactId>
      <version>1.6.2</version>
      <scope>compile</scope>
    </dependency>
    <dependency>
      <groupId>xalan</groupId>
      <artifactId>xalan</artifactId>
      <version>2.7.1</version>
      <scope>compile</scope>
    </dependency>
    <dependency>
      <groupId>xalan</groupId>
      <artifactId>serializer</artifactId>
      <version>2.7.1</version>
      <scope>compile</scope>
      <exclusions>
        <exclusion>
          <artifactId>xml-apis</artifactId>
          <groupId>xml-apis</groupId>
        </exclusion>
      </exclusions>
    </dependency>
    <dependency>
      <groupId>com.sun.xml.fastinfoset</groupId>
      <artifactId>FastInfoset</artifactId>
      <version>1.2.9</version>
      <scope>compile</scope>
      <optional>true</optional>
    </dependency>
  </dependencies>
  <properties>
    <bundle.symbolic.name>${project.groupId}.bundle</bundle.symbolic.name>
  </properties>
</project>

