<?xml version="1.0" encoding="UTF-8"?>
<project xmlns="http://maven.apache.org/POM/4.0.0" xmlns:xsi="http://www.w3.org/2001/XMLSchema-instance" xsi:schemaLocation="http://maven.apache.org/POM/4.0.0 http://maven.apache.org/maven-v4_0_0.xsd">
  <parent>
    <artifactId>cxf-bundle-parent</artifactId>
    <groupId>org.apache.cxf</groupId>
    <version>2.4.3</version>
  </parent>
  <modelVersion>4.0.0</modelVersion>
  <groupId>org.apache.cxf</groupId>
  <artifactId>cxf-bundle-jaxrs</artifactId>
  <packaging>bundle</packaging>
  <name>Apache CXF JAX-RS Bundle Jar</name>
  <version>2.4.3</version>
  <description>Apache CXF JAX-RS Bundle Jar</description>
  <url>http://cxf.apache.org</url>
  <build>
    <resources>
      <resource>
        <directory>src/main/java</directory>
        <includes>
          <include>**/*</include>
        </includes>
      </resource>
    </resources>
    <plugins>
      <plugin>
        <groupId>org.apache.felix</groupId>
        <artifactId>maven-bundle-plugin</artifactId>
        <extensions>true</extensions>
        <configuration>
          <instructions>
            <Implementation-Title>Apache CXF</Implementation-Title>
            <Implementation-Vendor>The Apache Software Foundation</Implementation-Vendor>
            <Implementation-Vendor-Id>org.apache</Implementation-Vendor-Id>
            <Implementation-Version>${cxf.osgi.version.clean}</Implementation-Version>
            <Specification-Title>Apache CXF</Specification-Title>
            <Specification-Vendor>The Apache Software Foundation</Specification-Vendor>
            <Specification-Version>${cxf.osgi.version.clean}</Specification-Version>
            <DynamicImport-Package>com.ctc.wstx.*,
                            org.apache.commons.logging.*,
                            org.slf4j.*,
                            org.slf4j.impl.*,
                            org.eclipse.jetty.jmx,
                            org.eclipse.jetty.jmx.*</DynamicImport-Package>
            <Import-Package>!org.apache.cxf.*,
                            !META-INF.cxf,
                            !META-INF.cxf.osgi,
                            antlr*;resolution:=optional,
                            com.ibm*;resolution:=optional,
                            com.sun*;resolution:=optional,
                            com.ctc.wstx.msv*;resolution:=optional,
                            org.codehaus.stax2*;resolution:=optional,
                            javax.ws.rs*,
                            repackage;resolution:=optional,
                            javax.resource*;resolution:=optional,
                            junit.framework*;resolution:=optional,
                            net.sf.cglib*;resolution:=optional;version="[2.1.3, 3.0.0)",
                            org.apache.abdera*;resolution:=optional;version="[1.0,2)",
                            org.apache.aries*;resolution:=optional;version="[0.2,2)",
                            org.apache.commons.lang*;resolution:=optional;version="[2.4,3)",
                            org.apache.commons.codec*;resolution:=optional,
                            org.apache.commons.pool*;resolution:=optional,
                            org.apache.log4j*;resolution:=optional,
                            org.apache.velocity*;resolution:=optional,
                            org.apache.ws.commons.schema*;resolution:=optional,
                            org.apache.xml.resolver*;resolution:=optional,
                            org.apache.xmlbeans*;resolution:=optional,
                            org.codehaus.jra*;resolution:=optional,
                            org.codehaus.jettison*;resolution:=optional,
                            org.jaxen*;resolution:=optional,
                            org.jdom*;resolution:=optional,
                            org.junit*;resolution:=optional,
                            org.eclipse.jetty*;resolution:=optional;resolution:=optional;version="[7.2,8)",
                            org.mozilla.javascript*;resolution:=optional,
                            org.objectweb.asm*;version="[2.0,4)";resolution:=optional,
                            org.osgi.service.blueprint*;resolution:=optional,
                            org.slf4j*;resolution:=optional;version="[1.5,2)",
                            org.springframework*;resolution:=optional;version="[2.5,4)",
                            javax.activation;version="[0.0,2)",
                            javax.annotation;version="[0.0,2)",
                            javax.jms;resolution:=optional;version="[0.0,2)",
                            javax.jws*;version="[0.0,3)",
                            javax.mail*;version="[0.0,2)";resolution:=optional,
                            javax.servlet.*;version="[0.0,4)";resolution:=optional,
                            javax.xml.stream*;version="[0.0,2)",
                            javax.xml.ws*;version="[0.0,3)";resolution:=optional,
                            javax.wsdl*;resolution:=optional,
                            *</Import-Package>
            <Bundle-Activator>org.apache.cxf.bus.osgi.OSGiExtensionLocator</Bundle-Activator>
            <Export-Package>org.apache.cxf.*;version=${cxf.osgi.version.clean};-split-package:=merge-first,
                            '=META-INF.cxf.osgi',
                            '=META-INF.cxf'</Export-Package>
            <_failok>true</_failok>
            <_nouses>true</_nouses>
            <_versionpolicy>[$(version;==;$(@)),$(version;+;$(@)))</_versionpolicy>
          </instructions>
        </configuration>
      </plugin>
      <plugin>
        <artifactId>maven-shade-plugin</artifactId>
        <executions>
          <execution>
            <phase>package</phase>
            <goals>
              <goal>shade</goal>
            </goals>
            <configuration>
              <shadedGroupFilter>org.apache.cxf</shadedGroupFilter>
              <shadedArtifactAttached>false</shadedArtifactAttached>
              <createSourcesJar>${createSourcesJar}</createSourcesJar>
              <promoteTransitiveDependencies>true</promoteTransitiveDependencies>
              <createDependencyReducedPom>true</createDependencyReducedPom>
              <filters>
                <filter>
                  <artifact>${project.groupId}:${project.artifactId}</artifact>
                  <excludes>
                    <exclude>org/**</exclude>
                  </excludes>
                </filter>
              </filters>
              <transformers>
                <transformer>
                  <projectName>Apache CXF</projectName>
                </transformer>
                <transformer>
                  <resource>META-INF/spring.handlers</resource>
                </transformer>
                <transformer>
                  <resource>META-INF/spring.schemas</resource>
                </transformer>
                <transformer>
                  <resource>META-INF/cxf/cxf.extension</resource>
                </transformer>
                <transformer>
                  <resource>META-INF/extensions.xml</resource>
                </transformer>
                <transformer>
                  <resource>META-INF/cxf/extensions.xml</resource>
                </transformer>
                <transformer>
                  <resource>META-INF/cxf/bus-extensions.txt</resource>
                </transformer>
                <transformer>
                  <resource>META-INF/cxf/bus-extensions.xml</resource>
                </transformer>
                <transformer>
                  <resource>META-INF/cxf/java2wsbeans.xml</resource>
                </transformer>
                <transformer />
              </transformers>
            </configuration>
          </execution>
        </executions>
      </plugin>
    </plugins>
  </build>
  <dependencies>
    <dependency>
      <groupId>org.apache.ws.xmlschema</groupId>
      <artifactId>xmlschema-core</artifactId>
      <version>2.0.1</version>
      <scope>compile</scope>
    </dependency>
    <dependency>
      <groupId>org.codehaus.woodstox</groupId>
      <artifactId>woodstox-core-asl</artifactId>
      <version>4.1.1</version>
      <scope>compile</scope>
    </dependency>
    <dependency>
      <groupId>org.codehaus.woodstox</groupId>
      <artifactId>stax2-api</artifactId>
      <version>3.1.1</version>
      <scope>compile</scope>
      <exclusions>
        <exclusion>
          <artifactId>stax-api</artifactId>
          <groupId>javax.xml.stream</groupId>
        </exclusion>
      </exclusions>
    </dependency>
    <dependency>
      <groupId>org.apache.geronimo.specs</groupId>
      <artifactId>geronimo-stax-api_1.0_spec</artifactId>
      <version>1.0.1</version>
      <scope>compile</scope>
    </dependency>
    <dependency>
      <groupId>org.apache.geronimo.specs</groupId>
      <artifactId>geronimo-annotation_1.0_spec</artifactId>
      <version>1.1.1</version>
      <scope>compile</scope>
    </dependency>
    <dependency>
      <groupId>javax.xml.bind</groupId>
      <artifactId>jaxb-api</artifactId>
      <version>2.2.3</version>
      <scope>compile</scope>
    </dependency>
    <dependency>
      <groupId>org.apache.neethi</groupId>
      <artifactId>neethi</artifactId>
      <version>3.0.1</version>
      <scope>compile</scope>
    </dependency>
    <dependency>
      <groupId>wsdl4j</groupId>
      <artifactId>wsdl4j</artifactId>
      <version>1.6.2</version>
      <scope>compile</scope>
    </dependency>
    <dependency>
      <groupId>org.apache.geronimo.specs</groupId>
      <artifactId>geronimo-activation_1.1_spec</artifactId>
      <version>1.1</version>
      <scope>compile</scope>
    </dependency>
    <dependency>
      <groupId>com.sun.xml.bind</groupId>
      <artifactId>jaxb-impl</artifactId>
      <version>2.2.4-1</version>
      <scope>compile</scope>
    </dependency>
    <dependency>
      <groupId>org.apache.geronimo.specs</groupId>
      <artifactId>geronimo-javamail_1.4_spec</artifactId>
      <version>1.7.1</version>
      <scope>compile</scope>
    </dependency>
    <dependency>
      <groupId>org.springframework</groupId>
      <artifactId>spring-web</artifactId>
      <version>3.0.6.RELEASE</version>
      <scope>compile</scope>
    </dependency>
    <dependency>
      <groupId>aopalliance</groupId>
      <artifactId>aopalliance</artifactId>
      <version>1.0</version>
      <scope>compile</scope>
    </dependency>
    <dependency>
      <groupId>org.springframework</groupId>
      <artifactId>spring-beans</artifactId>
      <version>3.0.6.RELEASE</version>
      <scope>compile</scope>
    </dependency>
    <dependency>
      <groupId>org.springframework</groupId>
      <artifactId>spring-core</artifactId>
      <version>3.0.6.RELEASE</version>
      <scope>compile</scope>
    </dependency>
    <dependency>
      <groupId>org.springframework</groupId>
      <artifactId>spring-asm</artifactId>
      <version>3.0.6.RELEASE</version>
      <scope>compile</scope>
    </dependency>
    <dependency>
      <groupId>commons-logging</groupId>
      <artifactId>commons-logging</artifactId>
      <version>1.1.1</version>
      <scope>compile</scope>
    </dependency>
    <dependency>
      <groupId>org.springframework</groupId>
      <artifactId>spring-context</artifactId>
      <version>3.0.6.RELEASE</version>
      <scope>compile</scope>
    </dependency>
    <dependency>
      <groupId>org.springframework</groupId>
      <artifactId>spring-aop</artifactId>
      <version>3.0.6.RELEASE</version>
      <scope>compile</scope>
    </dependency>
    <dependency>
      <groupId>org.springframework</groupId>
      <artifactId>spring-expression</artifactId>
      <version>3.0.6.RELEASE</version>
      <scope>compile</scope>
    </dependency>
    <dependency>
      <groupId>org.eclipse.jetty</groupId>
      <artifactId>jetty-server</artifactId>
      <version>7.4.5.v20110725</version>
      <scope>compile</scope>
    </dependency>
    <dependency>
      <groupId>org.eclipse.jetty</groupId>
      <artifactId>jetty-continuation</artifactId>
      <version>7.4.5.v20110725</version>
      <scope>compile</scope>
    </dependency>
    <dependency>
      <groupId>org.eclipse.jetty</groupId>
      <artifactId>jetty-http</artifactId>
      <version>7.4.5.v20110725</version>
      <scope>compile</scope>
    </dependency>
    <dependency>
      <groupId>org.eclipse.jetty</groupId>
      <artifactId>jetty-io</artifactId>
      <version>7.4.5.v20110725</version>
      <scope>compile</scope>
    </dependency>
    <dependency>
      <groupId>org.eclipse.jetty</groupId>
      <artifactId>jetty-util</artifactId>
      <version>7.4.5.v20110725</version>
      <scope>compile</scope>
    </dependency>
    <dependency>
      <groupId>org.eclipse.jetty</groupId>
      <artifactId>jetty-security</artifactId>
      <version>7.4.5.v20110725</version>
      <scope>compile</scope>
    </dependency>
    <dependency>
      <groupId>org.slf4j</groupId>
      <artifactId>slf4j-api</artifactId>
      <version>1.6.2</version>
      <scope>runtime</scope>
    </dependency>
    <dependency>
      <groupId>org.apache.geronimo.specs</groupId>
      <artifactId>geronimo-servlet_2.5_spec</artifactId>
      <version>1.1.2</version>
      <scope>compile</scope>
    </dependency>
    <dependency>
      <groupId>javax.ws.rs</groupId>
      <artifactId>jsr311-api</artifactId>
      <version>1.1.1</version>
      <scope>compile</scope>
    </dependency>
    <dependency>
      <groupId>org.codehaus.jettison</groupId>
      <artifactId>jettison</artifactId>
      <version>1.3</version>
      <scope>compile</scope>
    </dependency>
    <dependency>
      <groupId>com.sun.xml.fastinfoset</groupId>
      <artifactId>FastInfoset</artifactId>
      <version>1.2.9</version>
      <scope>compile</scope>
      <optional>true</optional>
    </dependency>
  </dependencies>
  <properties>
    <bundle.symbolic.name>${project.groupId}.bundle-jaxrs</bundle.symbolic.name>
  </properties>
</project>

